100004,http://uae.jadopado.com/product/JP00007310/nokia-x-dual-sim-4gb-black
100005,http://uae.jadopado.com/product/JP00003422/sony-xperia-e-4gb-champagne
100006,http://uae.jadopado.com/product/JP00003422/sony-xperia-e-4gb-champagne
100013,http://uae.jadopado.com/product/JP00013336/huawei-ascend-y530-4gb-black-y530-u00
100015,http://uae.jadopado.com/product/JP00007747/samsung-galaxy-s-duos-2-4gb-white-arabic
100016,http://uae.jadopado.com/product/JP00007746/samsung-galaxy-s-duos-2-4gb-black-arabic
100021,http://uae.jadopado.com/product/JP00005739/nokia-lumia-625-8gb-lte-black
100022,http://uae.jadopado.com/product/JP00005740/nokia-lumia-625-8gb-lte-white
100023,http://uae.jadopado.com/product/JP00005147/samsung-galaxy-s-iii-mini-8gb-la-fleur-white
100025,http://uae.jadopado.com/product/JP00009595/htc-desire-516-dual-sim-4gb-pearl-white-arabic
100026,http://uae.jadopado.com/product/JP00008121/samsung-galaxy-grand-neo-dual-sim-8gb-black-arabic
100027,http://uae.jadopado.com/product/JP00009159/samsung-galaxy-grand-neo-dual-sim-8gb-white
100032,http://uae.jadopado.com/product/JP00009597/htc-desire-616-dual-sim-4gb-pearl-white-arabic
100033,http://uae.jadopado.com/product/JP00009596/htc-desire-616-dual-sim-4gb-dark-grey-arabic
100034,http://uae.jadopado.com/product/JP00006090/blackberry-q10-16gb-lte-white-arabic
100037,http://uae.jadopado.com/product/JP00008107/sony-xperia-m2-dual-sim-8gb-black-arabic
100038,http://uae.jadopado.com/product/JP00008108/sony-xperia-m2-dual-sim-8gb-white-arabic
100039,http://uae.jadopado.com/product/JP00006829/samsung-galaxy-s4-mini-duos-8gb-black-mist-arabic
100040,http://uae.jadopado.com/product/JP00006885/samsung-galaxy-s4-mini-duos-8gb-white-frost-arabic
100041,http://uae.jadopado.com/product/JP00008548/samsung-galaxy-s-iii-neo-16gb-pebble-blue
100042,http://uae.jadopado.com/product/JP00008549/samsung-galaxy-s-iii-neo-16gb-marble-white
100043,http://uae.jadopado.com/product/JP00005282/samsung-galaxy-s4-mini-8gb-white-frost-arabic
100045,http://uae.jadopado.com/product/JP00007069/samsung-galaxy-grand-2-duos-8gb-black-arabic
100046,http://uae.jadopado.com/product/JP00006977/samsung-galaxy-grand-2-duos-8gb-white
100052,http://uae.jadopado.com/product/JP00008817/htc-desire-816-dual-sim-8gb-white-arabic
100057,http://uae.jadopado.com/product/JP00013285/samsung-galaxy-a3-dual-sim-16gb-lte-black
100058,http://uae.jadopado.com/product/JP00012341/samsung-galaxy-a3-16gb-lte-dual-sim-pearl-white
100061,http://uae.jadopado.com/product/JP00008552/huawei-ascend-p7-16gb-lte-black
100062,http://uae.jadopado.com/product/JP00012993/huawei-ascend-p7-16gb-lte-white
100065,http://uae.jadopado.com/product/JP00005884/blackberry-z30-16gb-lte-black
100066,http://uae.jadopado.com/product/JP00009632/blackberry-z30-16gb-lte-white
100067,http://uae.jadopado.com/product/JP00006461/lg-g2-16gb-lte-black
100068,http://uae.jadopado.com/product/JP00006534/lg-g2-16gb-lte-white
100069,http://uae.jadopado.com/product/JP00009510/samsung-galaxy-s5-mini-16gb-shimmery-white-arabic
100074,http://uae.jadopado.com/product/JP00005703/sony-xperia-z1-16gb-lte-black
100077,http://uae.jadopado.com/product/JP00008112/samsung-galaxy-s4-black-edition-16gb-deep-black-mist-arabic
100078,http://uae.jadopado.com/product/JP00004475/samsung-galaxy-s4-16gb-white-frost-arabic
100079,http://uae.jadopado.com/product/JP00009649/nokia-lumia-930-32gb-black
100081,http://uae.jadopado.com/product/JP00008643/lg-g3-16gb-lte-gold-1-arabic
100082,http://uae.jadopado.com/product/JP00007387/sony-xperia-z2-16gb-lte-black-full-pack
100083,http://uae.jadopado.com/product/JP00006841/google-nexus-5-16gb-lte-black-arabic
100084,http://uae.jadopado.com/product/JP00006810/google-nexus-5-16gb-lte-white-arabic
100085,http://uae.jadopado.com/product/JP00009759/samsung-galaxy-alpha-32gb-lte-charcoal-black
100086,http://uae.jadopado.com/product/JP00009763/samsung-galaxy-alpha-32gb-lte-scuba-blue
100087,http://uae.jadopado.com/product/JP00009761/samsung-galaxy-alpha-32gb-lte-dazzling-white
100088,http://uae.jadopado.com/product/JP00009760/samsung-galaxy-alpha-32gb-lte-sleek-silver-sm-g850f
100090,http://uae.jadopado.com/product/JP00009762/samsung-galaxy-alpha-32gb-lte-frosted-gold
100092,http://uae.jadopado.com/product/JP00011786/lg-g3-32gb-lte-white-arabic
100095,http://uae.jadopado.com/product/JP00012859/htc-desire-eye-16gb-lte-blue-arabic
100096,http://uae.jadopado.com/product/JP00012874/htc-desire-eye-16gb-lte-red-arabic-and-english
100096,http://uae.jadopado.com/product/JP00011431/htc-desire-eye-16gb-lte-red
100097,http://uae.jadopado.com/product/JP00006150/htc-one-max-16gb-lte-silver-arabic
100099,http://uae.jadopado.com/product/JP00007353/samsung-galaxy-s5-16gb-charcoal-black-arabic
100100,http://uae.jadopado.com/product/JP00007354/samsung-galaxy-s5-16gb-shimmery-white-arabic
100101,http://uae.jadopado.com/product/JP00007356/samsung-galaxy-s5-16gb-gold-arabic
100102,http://uae.jadopado.com/product/JP00007749/htc-one-m8-16gb-lte-glacial-silver
100102,http://uae.jadopado.com/product/JP00007749/htc-one-m8-16gb-lte-glacial-silver
100105,http://uae.jadopado.com/product/JP00007367/samsung-galaxy-s5-16gb-lte-electric-blue
100106,http://uae.jadopado.com/product/JP00009166/htc-one-m8-16gb-lte-gunmetal-grey
100107,http://uae.jadopado.com/product/JP00007365/samsung-galaxy-s5-16gb-lte-charcoal-black
100108,http://uae.jadopado.com/product/JP00007366/samsung-galaxy-s5-16gb-lte-shimmery-white
100109,http://uae.jadopado.com/product/JP00009165/htc-one-m8-16gb-lte-amber-gold
100112,http://uae.jadopado.com/product/JP00011177/sony-xperia-z3-dual-sim-16gb-lte-black-arabic
100113,http://uae.jadopado.com/product/JP00011178/sony-xperia-z3-dual-sim-16gb-lte-white-arabic
100114,http://uae.jadopado.com/product/JP00005675/apple-iphone-5s-16gb-gold
100115,http://uae.jadopado.com/product/JP00005674/apple-iphone-5s-16gb-silver
100116,http://uae.jadopado.com/product/JP00004831/apple-iphone-5s-16gb-space-grey
100117,http://uae.jadopado.com/product/JP00011571/blackberry-passport-32gb-lte-black-arabic-english
100117,http://uae.jadopado.com/product/JP00008918/blackberry-passport-32gb-lte-black
100122,http://uae.jadopado.com/product/JP00007427/apple-iphone-6-16gb-silver
100123,http://uae.jadopado.com/product/JP00007426/apple-iphone-6-16gb-space-grey
100124,http://uae.jadopado.com/product/JP00007428/apple-iphone-6-16gb-gold
100125,http://uae.jadopado.com/product/JP00009283/apple-iphone-6-plus-16gb-gold
100127,http://uae.jadopado.com/product/JP00007434/apple-iphone-6-64gb-gold
100128,http://uae.jadopado.com/product/JP00007433/apple-iphone-6-64gb-silver
100129,http://uae.jadopado.com/product/JP00007432/apple-iphone-6-64gb-space-grey
100130,http://uae.jadopado.com/product/JP00009716/samsung-galaxy-note-edge-32gb-lte-white
100131,http://uae.jadopado.com/product/JP00012861/samsung-galaxy-note-edge-32gb-lte-charcoal-black-arabic-and-english
100132,http://uae.jadopado.com/product/JP00009280/apple-iphone-6-128gb-space-grey
100138,http://uae.jadopado.com/product/JP00009291/apple-iphone-6-plus-128gb-silver
100139,http://uae.jadopado.com/product/JP00009290/apple-iphone-6-plus-128gb-space-grey
100149,http://uae.jadopado.com/product/JP00009105/samsung-galaxy-tab-4-7-0-8gb-3g-white-arabic
100152,http://uae.jadopado.com/product/JP00011549/apple-ipad-mini-3-16gb-wi-fi-space-grey-black
100154,http://uae.jadopado.com/product/JP00006690/samsung-galaxy-tab-3-10-1-16gb-wi-fi-white
100156,http://uae.jadopado.com/product/JP00009820/samsung-galaxy-tab-4-10-1-16gb-wi-fi-white
100157,http://uae.jadopado.com/product/JP00009101/samsung-galaxy-tab-4-10-1-16gb-wi-fi-black
100161,http://uae.jadopado.com/product/JP00006765/samsung-galaxy-tab-3-10-1-16gb-wi-fi-3g-white
100162,http://uae.jadopado.com/product/JP00008617/samsung-galaxy-tab-4-10-1-16gb-wifi-3g-black
100163,http://uae.jadopado.com/product/JP00008618/samsung-galaxy-tab-4-10-1-16gb-wifi-3g-white
100164,http://uae.jadopado.com/product/JP00009150/samsung-galaxy-tab-4-10-1-16gb-lte-black
100165,http://uae.jadopado.com/product/JP00009100/samsung-galaxy-tab-4-10-1-16gb-lte-white
100166,http://uae.jadopado.com/product/JP00008722/samsung-galaxy-tab-s-8-4-16gb-wi-fi-dazzling-white
100167,http://uae.jadopado.com/product/JP00008721/samsung-galaxy-tab-s-8-4-16gb-wi-fi-titanium-bronze
100172,http://uae.jadopado.com/product/JP00011551/apple-ipad-mini-3-16gb-wi-fi-gold
100173,http://uae.jadopado.com/product/JP00011550/apple-ipad-mini-3-16gb-wi-fi-silver-white
100174,http://uae.jadopado.com/product/JP00011549/apple-ipad-mini-3-16gb-wi-fi-space-grey-black
100180,http://uae.jadopado.com/product/JP00008724/samsung-galaxy-tab-s-8-4inch-16gb-lte-dazzling-white
100183,http://uae.jadopado.com/product/JP00011533/apple-ipad-air-2-16gb-wi-fi-gold
100184,http://uae.jadopado.com/product/JP00011427/apple-ipad-air-2-16gb-wi-fi-silver
100185,http://uae.jadopado.com/product/JP00011429/apple-ipad-air-2-16gb-wi-fi-space-grey
100186,http://uae.jadopado.com/product/JP00011566/apple-ipad-mini-3-64gb-wi-fi--cellular-gold
100192,http://uae.jadopado.com/product/JP00011563/apple-ipad-mini-3-64gb-wi-fi-gold
100193,http://uae.jadopado.com/product/JP00011562/apple-ipad-mini-3-64gb-wi-fi-silver-white
100194,http://uae.jadopado.com/product/JP00011561/apple-ipad-mini-3-64gb-wi-fi-space-grey-black
100198,http://uae.jadopado.com/product/JP00008732/samsung-galaxy-tab-s-10-5-16gb-lte-dazzling-white-arabic
100199,http://uae.jadopado.com/product/JP00008731/samsung-galaxy-tab-s-10-5-16gb-lte-titanium-bronze-arabic
100200,http://uae.jadopado.com/product/JP00011551/apple-ipad-mini-3-16gb-wi-fi-gold
100200,http://uae.jadopado.com/product/JP00011551/apple-ipad-mini-3-16gb-wi-fi-gold
100201,http://uae.jadopado.com/product/JP00011550/apple-ipad-mini-3-16gb-wi-fi-silver-white
100201,http://uae.jadopado.com/product/JP00011550/apple-ipad-mini-3-16gb-wi-fi-silver-white
100202,http://uae.jadopado.com/product/JP00011549/apple-ipad-mini-3-16gb-wi-fi-space-grey-black
100202,http://uae.jadopado.com/product/JP00011549/apple-ipad-mini-3-16gb-wi-fi-space-grey-black
100205,http://uae.jadopado.com/product/JP00007413/samsung-galaxy-notepro-12-2-32gb-wi-fi-3g-white-arabic
100205,http://uae.jadopado.com/product/JP00007411/samsung-galaxy-notepro-12-2-32gb-wi-fi-3g-white
100206,http://uae.jadopado.com/product/JP00007412/samsung-galaxy-notepro-12-2-32gb-wi-fi-3g-black-arabic
100206,http://uae.jadopado.com/product/JP00007410/samsung-galaxy-notepro-12-2-32gb-wi-fi-3g-black
100209,http://uae.jadopado.com/product/JP00011557/apple-ipad-mini-3-128gb-wi-fi-gold
100211,http://uae.jadopado.com/product/JP00011555/apple-ipad-mini-3-128gb-wi-fi-space-grey-black
100212,http://uae.jadopado.com/product/JP00011533/apple-ipad-air-2-16gb-wi-fi-gold
100213,http://uae.jadopado.com/product/JP00011427/apple-ipad-air-2-16gb-wi-fi-silver
100214,http://uae.jadopado.com/product/JP00011429/apple-ipad-air-2-16gb-wi-fi-space-grey
100215,http://uae.jadopado.com/product/JP00011545/apple-ipad-air-2-64gb-wi-fi-gold
100216,http://uae.jadopado.com/product/JP00011544/apple-ipad-air-2-64gb-wi-fi-silver
100217,http://uae.jadopado.com/product/JP00011543/apple-ipad-air-2-64gb-wi-fi-space-grey
100218,http://uae.jadopado.com/product/JP00011563/apple-ipad-mini-3-64gb-wi-fi-gold
100219,http://uae.jadopado.com/product/JP00011562/apple-ipad-mini-3-64gb-wi-fi-silver-white
100220,http://uae.jadopado.com/product/JP00011561/apple-ipad-mini-3-64gb-wi-fi-space-grey-black
100221,http://uae.jadopado.com/product/JP00011539/apple-ipad-air-2-128gb-wi-fi-gold
100222,http://uae.jadopado.com/product/JP00011537/apple-ipad-air-2-128gb-wi-fi-silver
100223,http://uae.jadopado.com/product/JP00011538/apple-ipad-air-2-128gb-wi-fi-space-grey
100224,http://uae.jadopado.com/product/JP00011545/apple-ipad-air-2-64gb-wi-fi-gold
100225,http://uae.jadopado.com/product/JP00011544/apple-ipad-air-2-64gb-wi-fi-silver
100226,http://uae.jadopado.com/product/JP00011543/apple-ipad-air-2-64gb-wi-fi-space-grey
100227,http://uae.jadopado.com/product/JP00011557/apple-ipad-mini-3-128gb-wi-fi-gold
100228,http://uae.jadopado.com/product/JP00011556/apple-ipad-mini-3-128gb-wi-fi-silver-white
100229,http://uae.jadopado.com/product/JP00011555/apple-ipad-mini-3-128gb-wi-fi-space-grey-black
100230,http://uae.jadopado.com/product/JP00011539/apple-ipad-air-2-128gb-wi-fi-gold
100231,http://uae.jadopado.com/product/JP00011537/apple-ipad-air-2-128gb-wi-fi-silver
100232,http://uae.jadopado.com/product/JP00011538/apple-ipad-air-2-128gb-wi-fi-space-grey
101155,http://uae.jadopado.com/product/JP00009523/asus-x200ca-ultrabook-11-6inch-500gb-2gb-intel-celeron-win-8-black
101162,http://uae.jadopado.com/product/JM00023172/acer-aspire-switch-10
101164,http://uae.jadopado.com/product/JP00008653/lenovo-g500-15-6-500gb-2gb-ram-1-9ghz-intel-celeron-win8-black
101173,http://uae.jadopado.com/product/JP00007300/dell-inspiron-15-3521-15-6inch-500gb-4gb-core-i3-win8-black
101179,http://uae.jadopado.com/product/JP00007291/acer-aspire-e1-570-15-6-750gb-4gb-core-i3-w8
101186,http://uae.jadopado.com/product/JP00007300/dell-inspiron-15-3521-15-6inch-500gb-4gb-core-i3-win8-black
101216,http://uae.jadopado.com/product/JP00012366/hp-pavilion-15-n259se-notebook-15-6--500gb-4gb-core-i7-windows-8-1-black
101218,http://uae.jadopado.com/product/JM00029145/hp-450-laptop-15-6-inch-1tb-8gb-2gb-vga-intel-core-i5-dos-black
101219,http://uae.jadopado.com/product/JP00012365/hp-probook-450-g2-notebook-pc-15-6--1tb-8gb-2gb-graphics-core-i7-win-7-pro--win-8-1-pro
101238,http://uae.jadopado.com/product/JP00007299/dell-vostro-5470-14inch-500gb-plus-32gb-4gb-core-i5-win8-black
101244,http://uae.jadopado.com/product/JP00012432/dell-inspiron-14-5447-14-1tb-8gb-core-i5-4210u-win-8-1-silver
101251,http://uae.jadopado.com/product/JP00011194/lenovo-notebook-flex2-14-touch-8gb-1tb-2gfx-core-i7-win-8-1-white
101252,http://uae.jadopado.com/product/JP00008149/apple-macbook-air-13-inch-128gb-1-4ghz-dual-core-intel-core-i5-with-turbo-boost-2014
101255,http://uae.jadopado.com/product/JP00001083/apple-macbook-pro-13-inch-500gb--2-5ghz-dual-core-i5-with-turbo-boost
101258,http://uae.jadopado.com/product/JP00011193/lenovo-notebook-flex2-14-touch-8gb-1tb-2gfx-core-i7-win-8-1-red
101268,http://uae.jadopado.com/product/JP00009160/apple-macbook-pro-13-inch-retina-display-128gb-flash-storage-2-6ghz-dual-core-i5-with-turbo-boost-2-0-mid-2014
101271,http://uae.jadopado.com/product/JP00009160/apple-macbook-pro-13-inch-retina-display-128gb-flash-storage-2-6ghz-dual-core-i5-with-turbo-boost-2-0-mid-2014
101273,http://uae.jadopado.com/product/JP00011206/lenovo-y5070-15-6inch-1tb-8gb-4gb-graphics-core-i7-win-8-1-black
101283,http://uae.jadopado.com/product/JP00009162/apple-macbook-pro-13-inch-retina-display-512gb-flash-storage-2-8ghz-dual-core-i5-with-turbo-boost-2-0-mid-2014
101285,http://uae.jadopado.com/product/JP00009163/apple-macbook-pro-15-inch-retina-display-256gb-flash-storage-2-2ghz-qual-core-i7-with-turbo-boost-2-0-mid-2014
102121,http://uae.jadopado.com/product/JP00012010/qube-m5-android-smart-watch-black
102124,http://uae.jadopado.com/product/JP00007399/samsung-gear-fit-charcoal-black
102129,http://uae.jadopado.com/product/JP00012015/qube-s1-android-gsm-smart-watch-with-heart-rate-monitor-black
102131,http://uae.jadopado.com/product/JP00012177/qube-s1-android-gsm-smart-watch-with-heart-rate-monitor-white
102135,http://uae.jadopado.com/product/JP00006804/pebble-smartwatch-jet-black
102136,http://uae.jadopado.com/product/JP00012700/sony-smartwatch-3-swr50-black
102137,http://uae.jadopado.com/product/JP00006805/pebble-smartwatch-cherry-red
102145,http://uae.jadopado.com/product/JP00005697/samsung-galaxy-gear-smartwatch-jet-black
104384,http://uae.jadopado.com/product/JP00011196/lenovo-flex-2-14inch-touch-500gb-8gb-sshd-4gb-core-i5-win-8-1-white
104409,http://uae.jadopado.com/product/JP00012260/dell-inspiron-15-3542-core-i3-4030u-touch-display-4gb-500gb-win-8-1-black
104411,http://uae.jadopado.com/product/JP00011204/lenovo-s20-30-11-6inch-500gb-2gb-celeron-2830-win-8-black
104442,http://uae.jadopado.com/product/JP00013120/dell-inspiron-11-6-touch-4gb-500gb-core-i3-win-8-1-silver
104451,http://uae.jadopado.com/product/JP00007304/alienware-14-gaming-laptop-14inch-full-hd-750gb-80gb-16gb-core-i7-win8
104462,http://uae.jadopado.com/product/JP00013122/dell-inspiron-13-3-touch-8gb-500gb-core-i5-win-8-1-silver
104773,http://uae.jadopado.com/product/JM00029112/lenovo-ideapad-e10-30-netbook-10-1-inch-500gb-2gb-ram-intel-celeron-windows-8-black
104785,http://uae.jadopado.com/product/JP00009610/hp-pavillion-15d-002se-pavillion-15-6--500gb-4gb-core-i5-1gb-vga-win8-1-black
104981,http://uae.jadopado.com/product/JP00004094/belkin-micro-car-charger-1-amp-black
104984,http://uae.jadopado.com/product/JP00012106/qube-power-bank-2-200-mah-blue
104985,http://uae.jadopado.com/product/JP00012108/qube-power-bank-2-200-mah-white
104996,http://uae.jadopado.com/product/JP00012111/qube-power-bank-5-200-mah-rubber-spray-white
104997,http://uae.jadopado.com/product/JP00012113/qube-power-bank-5-200-mah-black
105001,http://uae.jadopado.com/product/JP00012112/qube-power-bank-7-800-mah-white
105004,http://uae.jadopado.com/product/JP00012105/qube-power-bank-10-400-mah-rubber-spray-white
105005,http://uae.jadopado.com/product/JP00012104/qube-power-bank-10-000-mah-black-bronze
106813,http://uae.jadopado.com/product/JP00012181/hp-15-r001ne-notebook-15-6--500gb-4gb-i3-3217u-windows-8-1-black
107222,http://uae.jadopado.com/product/JP00011968/lenovo-g50-70-15-6inch-500gb-4gb-core-i7-win-8-1-black
107223,http://uae.jadopado.com/product/JP00009701/acer-aspire-e1-570-15-6inch-500gb-4gb-core-i3-win-8-black
107230,http://uae.jadopado.com/product/JP00013167/hp-envy-15-k002ne-laptop-15-6-inch-1tb-16gb-4d-4510u-core-i7-win-8-1-silver
107235,http://uae.jadopado.com/product/JP00009161/apple-macbook-pro-13-inch-retina-display-256gb-flash-storage-2-6ghz-dual-core-i5-with-turbo-boost-2-0-mid-2014
107242,http://uae.jadopado.com/product/JP00013142/dell-inspiron-laptop-4510u-14-inch-core-i7-1tb-8gb-win8-1-touch-silver
107255,http://uae.jadopado.com/product/JP00011188/lenovo-flex-10inch-touch-500gb-2gb-quad-core-win-8-1-brown
107255,http://uae.jadopado.com/product/JP00011187/lenovo-flex-10inch-touch-500gb-2gb-quad-core-win-8-1-black
107263,http://uae.jadopado.com/product/JP00008651/lenovo-g50-70-15-6-500gb-4gb-ram-1-6ghz-core-i5-win8-black
107274,http://uae.jadopado.com/product/JP00013158/hp-15-p141ne-pavilion-laptop-15-6-inch-1tb-8gb-2d-4210u-core-i5-win8-1-white
107277,http://uae.jadopado.com/product/JP00013158/hp-15-p141ne-pavilion-laptop-15-6-inch-1tb-8gb-2d-4210u-core-i5-win8-1-white
107282,http://uae.jadopado.com/product/JP00007303/dell-xps-12-touch-ultrabook-12-5inch-full-hd-128gb-ssd-4gb-core-i5-win8-1
107313,http://uae.jadopado.com/product/JP00012107/qube-power-bank-2-200-mah-pink
107321,http://uae.jadopado.com/product/JP00000165/apple-85w-magsafe-power-adapter
107324,http://uae.jadopado.com/product/JP00000166/apple-60w-magsafe-power-adapter
107387,http://uae.jadopado.com/product/JM00028379/jabra-bt2045-in-the-ear-wireless-bluetooth-headset-for-mobile-phones-black
107467,http://uae.jadopado.com/product/JM00028781/jabra-stone3-bluetooth-headsets-light-and-curvy-design-black
107621,http://uae.jadopado.com/product/JP00006334/jabra-bluetooth-headset-bt2045
107622,http://uae.jadopado.com/product/JP00006333/jabra-bluetooth-headset-bt2046
107624,http://uae.jadopado.com/product/JP00008744/jabra-active-corded-headset-white
107625,http://uae.jadopado.com/product/JP00008745/jabra-active-corded-headset-yellow
107636,http://uae.jadopado.com/product/JP00006339/jabra-easyvoice-bluetooth-headset
107637,http://uae.jadopado.com/product/JP00006337/jabra-easygo-bluetooth-headset-white
107637,http://uae.jadopado.com/product/JP00006336/jabra-easygo-bluetooth-headset-black
107639,http://uae.jadopado.com/product/JP00006337/jabra-easygo-bluetooth-headset-white
107640,http://uae.jadopado.com/product/JP00006339/jabra-easyvoice-bluetooth-headset
107641,http://uae.jadopado.com/product/JP00008747/jabra-exteme-bluetooth-headset-for-pc-and-phone
107642,http://uae.jadopado.com/product/JP00006364/jabra-freeway-bluetooth-speakerphone
107645,http://uae.jadopado.com/product/JP00008749/jabra-rhythm-corded-stereo-headset
107647,http://uae.jadopado.com/product/JP00008760/jabra-solemate-bluetooth-portable-speaker-black
107648,http://uae.jadopado.com/product/JP00006372/jabra-solemate-bluetooth-portable-speaker-white
107649,http://uae.jadopado.com/product/JP00006360/jabra-sport-corded-bluetooth-stereo-sports-headset
107651,http://uae.jadopado.com/product/JP00006346/jabra-stone2-bluetooth-headset-black
107653,http://uae.jadopado.com/product/JP00008764/jabra-supreme-bluetooth-headset
107656,http://uae.jadopado.com/product/JP00006344/jabra-wave-bluetooth-headset-red
107656,http://uae.jadopado.com/product/JM00028380/jabra-wave-wireless-bluetooth-headset-for-mobile-phones-black
107657,http://uae.jadopado.com/product/JP00006344/jabra-wave-bluetooth-headset-red
107657,http://uae.jadopado.com/product/JM00028380/jabra-wave-wireless-bluetooth-headset-for-mobile-phones-black
107671,http://uae.jadopado.com/product/JP00007555/beats-pill-2-0-portable-stereo-speaker-with-bluetooth-red
107672,http://uae.jadopado.com/product/JP00011599/beats-pill-xl-black-1
107693,http://uae.jadopado.com/product/JP00005764/altec-lansing-orbit-ultra-portable-usb-speaker-for-laptops
107695,http://uae.jadopado.com/product/JP00005764/altec-lansing-orbit-ultra-portable-usb-speaker-for-laptops
107696,http://uae.jadopado.com/product/JP00005764/altec-lansing-orbit-ultra-portable-usb-speaker-for-laptops
107711,http://uae.jadopado.com/product/JP00009922/foilandfilm-ultra-clear-series-screen-protector-for-iphone-6-plus-front-and-back-1
107727,http://uae.jadopado.com/product/JM00027602/lention-universal-car-mobile-phone-holder-mount-orange
107737,http://uae.jadopado.com/product/JP00009922/foilandfilm-ultra-clear-series-screen-protector-for-iphone-6-plus-front-and-back-1
107745,http://uae.jadopado.com/product/JP00009922/foilandfilm-ultra-clear-series-screen-protector-for-iphone-6-plus-front-and-back-1
107745,http://uae.jadopado.com/product/JM00023390/ozone-crystal-clear-hd-screen-protector-scratch-guard-for-apple-iphone-6-plus
107746,http://uae.jadopado.com/product/JP00009914/foilandfilm-ultra-clear-series-screen-protector-for-iphone-6
107746,http://uae.jadopado.com/product/JM00023412/ozone-crystal-clear-hd-screen-protector-scratch-guard-for-apple-iphone-6
107746,http://uae.jadopado.com/product/JM00000154/ozone-crystal-clear-hd-screen-protector-scratch-guard-for-apple-iphone-6--pack-of-3
107746,http://uae.jadopado.com/product/JP00009844/laut-prime-clear-screen-guard-for-iphone-6
107778,http://uae.jadopado.com/product/JM00027508/cadyce-ulc-1-usb-lightning-cable-for-ipod-iphone--ipad
107780,http://uae.jadopado.com/product/JP00007719/griffin-retractable-lightning-usb-charge-sync-cable
107780,http://uae.jadopado.com/product/JM00027567/rubik-1-meter-8pin-lightning-to-usb-data-sync-charger-cable-for-iphone-ipad-ipod-gold
107780,http://uae.jadopado.com/product/JP00007717/griffin-2feet-usb-to-lightning-connector-charge-sync-cable
107780,http://uae.jadopado.com/product/JM00020188/beecool-2-in-1-micro-usb--8-pin-lightning-sync-data-charging-cable-white
107780,http://uae.jadopado.com/product/JM00020187/beecool-2-in-1-micro-usb--8-pin-lightning-sync-data-charging-cable-blue
107780,http://uae.jadopado.com/product/JM00020186/beecool-2-in-1-micro-usb--8-pin-lightning-sync-data-charging-cable-red
107780,http://uae.jadopado.com/product/JM00020184/beecool-yellow-2-in-1-micro-usb--8-pin-lightning-sync-data-charging-cable
107780,http://uae.jadopado.com/product/JM00020183/beecool-black-2-in-1-micro-usb--8-pin-lightning-sync-data-charging-cable
107782,http://uae.jadopado.com/product/JP00002198/mipow-micro-usb-charge-and-sync-cable-60cm-green
107782,http://uae.jadopado.com/product/JP00013111/philips-usb-to-micro-usb-cable-dlc2416u-sync-and-charge-1-meter-3-2-feet
107782,http://uae.jadopado.com/product/JP00006498/merlin-luminescent-charger-cable-micro-usb
107782,http://uae.jadopado.com/product/JP00006956/crown-keychain-with-charge-sync-cable-for-iphone-30pin-micro-usb
107782,http://uae.jadopado.com/product/JP00006957/crown-keychain-with-charge-and-sync-cable-for-iphone-30-pin-lightning-8-pin
107787,http://uae.jadopado.com/product/JP00005091/innergie-mmini-dc10-10w-dual-usb-auto-adapter
107789,http://uae.jadopado.com/product/JM00022036/beecool-lightning-to-usb-cable-white
107789,http://uae.jadopado.com/product/JM00027383/rubik-default-apple-iphone-ipad-ipod-8pin-lightning-to-usb-cable-1m
107789,http://uae.jadopado.com/product/JM00027384/rubik-3-meter-apple-iphone-ipad-ipod-8pin-lightning-to-usb-data-charger-cable
107789,http://uae.jadopado.com/product/JM00027567/rubik-1-meter-8pin-lightning-to-usb-data-sync-charger-cable-for-iphone-ipad-ipod-gold
107790,http://uae.jadopado.com/product/JM00022036/beecool-lightning-to-usb-cable-white
107790,http://uae.jadopado.com/product/JM00027383/rubik-default-apple-iphone-ipad-ipod-8pin-lightning-to-usb-cable-1m
107790,http://uae.jadopado.com/product/JM00027384/rubik-3-meter-apple-iphone-ipad-ipod-8pin-lightning-to-usb-data-charger-cable
107790,http://uae.jadopado.com/product/JP00002305/apple-lightning-to-usb-camera-adapter
107790,http://uae.jadopado.com/product/JP00003795/apple-lightning-to-micro-usb-adapter
107841,http://uae.jadopado.com/product/JP00004319/pure-acoustics-hipbox-portable-sound-bar-white
107842,http://uae.jadopado.com/product/JP00004318/pure-acoustics-hipbox-portable-sound-bar-black
107847,http://uae.jadopado.com/product/JM00022533/sky-mini-display-port-to-vga-adapter
107851,http://uae.jadopado.com/product/JP00013089/philips-stereo-y-cable-3-5mm-2rca
107932,http://uae.jadopado.com/product/JP00007937/misfit-shine-activity-tracker-jet
107933,http://uae.jadopado.com/product/JP00007937/misfit-shine-activity-tracker-jet
107934,http://uae.jadopado.com/product/JP00007938/misfit-shine-activity-tracker-grey
107934,http://uae.jadopado.com/product/JP00007937/misfit-shine-activity-tracker-jet
107943,http://uae.jadopado.com/product/JP00002561/sms-ync-by-50-over-ear-wireless-headphone-white
107958,http://uae.jadopado.com/product/JP00012106/qube-power-bank-2-200-mah-blue
107959,http://uae.jadopado.com/product/JP00012107/qube-power-bank-2-200-mah-pink
107960,http://uae.jadopado.com/product/JP00012108/qube-power-bank-2-200-mah-white
107961,http://uae.jadopado.com/product/JP00012113/qube-power-bank-5-200-mah-black
108107,http://uae.jadopado.com/product/JP00012424/targus-in-car-mount-for-ipad-and-7-10-tablets
108114,http://uae.jadopado.com/product/JP00003475/targus-dual-usb-car-charger-for-media-tablets-and-mobile-phones-white
108117,http://uae.jadopado.com/product/JP00003472/targus-car-charger-for-apple-devices
108117,http://uae.jadopado.com/product/JP00007267/targus-universal-tablet-accessory-kit-stylus--car-charger--cleaning-pad--tablet-stand
108118,http://uae.jadopado.com/product/JP00003475/targus-dual-usb-car-charger-for-media-tablets-and-mobile-phones-white
108120,http://uae.jadopado.com/product/JP00003477/targus-compact-laptop-charger
108321,http://uae.jadopado.com/product/JP00008760/jabra-solemate-bluetooth-portable-speaker-black
108323,http://uae.jadopado.com/product/JM00028781/jabra-stone3-bluetooth-headsets-light-and-curvy-design-black
108323,http://uae.jadopado.com/product/JM00028762/jabra-stone3-bluetooth-headsets-light-and-curvy-design-white
108323,http://uae.jadopado.com/product/JP00008763/jabra-stone3-bluetooth-headset
108323,http://uae.jadopado.com/product/JP00006346/jabra-stone2-bluetooth-headset-black
108327,http://uae.jadopado.com/product/JP00006360/jabra-sport-corded-bluetooth-stereo-sports-headset
108328,http://uae.jadopado.com/product/JM00028695/jabra-sport-pulse-wireless-headset
108332,http://uae.jadopado.com/product/JP00008759/jabra-solemate-mini-wireless-bluetooth-portable-speaker-yellow
108333,http://uae.jadopado.com/product/JP00008757/jabra-solemate-mini-wireless-bluetooth-portable-speaker-blue
108334,http://uae.jadopado.com/product/JP00008758/jabra-solemate-mini-wireless-bluetooth-portable-speaker-red
108335,http://uae.jadopado.com/product/JP00008753/jabra-solemate-bluetooth-portable-speaker-red
108335,http://uae.jadopado.com/product/JP00008758/jabra-solemate-mini-wireless-bluetooth-portable-speaker-red
108336,http://uae.jadopado.com/product/JP00008752/jabra-solemate-bluetooth-portable-speaker-grey
108337,http://uae.jadopado.com/product/JP00008754/jabra-solemate-bluetooth-portable-speaker-yellow
108337,http://uae.jadopado.com/product/JP00008759/jabra-solemate-mini-wireless-bluetooth-portable-speaker-yellow
108338,http://uae.jadopado.com/product/JP00008751/jabra-solemate-bluetooth-portable-speaker-blue
108338,http://uae.jadopado.com/product/JP00008757/jabra-solemate-mini-wireless-bluetooth-portable-speaker-blue
108393,http://uae.jadopado.com/product/JP00008511/lacie-1tb-rugged-usb-3--thunderbolt-series-design-by-neil-poulton
108582,http://uae.jadopado.com/product/JP00009831/laut-huex-case-green-for-iphone-6
108582,http://uae.jadopado.com/product/JP00009828/laut-huex-case-orange-for-iphone-6
108582,http://uae.jadopado.com/product/JP00009826/laut-huex-case-pink-for-iphone-6
108582,http://uae.jadopado.com/product/JP00009824/laut-huex-case-frost-for-iphone-6
108582,http://uae.jadopado.com/product/JP00009823/laut-huex-case-white-for-iphone-6
108584,http://uae.jadopado.com/product/JP00009831/laut-huex-case-green-for-iphone-6
108584,http://uae.jadopado.com/product/JP00009828/laut-huex-case-orange-for-iphone-6
108584,http://uae.jadopado.com/product/JP00009826/laut-huex-case-pink-for-iphone-6
108584,http://uae.jadopado.com/product/JP00009824/laut-huex-case-frost-for-iphone-6
108584,http://uae.jadopado.com/product/JP00009823/laut-huex-case-white-for-iphone-6
108585,http://uae.jadopado.com/product/JP00009831/laut-huex-case-green-for-iphone-6
108585,http://uae.jadopado.com/product/JP00009828/laut-huex-case-orange-for-iphone-6
108585,http://uae.jadopado.com/product/JP00009826/laut-huex-case-pink-for-iphone-6
108585,http://uae.jadopado.com/product/JP00009824/laut-huex-case-frost-for-iphone-6
108585,http://uae.jadopado.com/product/JP00009823/laut-huex-case-white-for-iphone-6
108586,http://uae.jadopado.com/product/JP00009831/laut-huex-case-green-for-iphone-6
108587,http://uae.jadopado.com/product/JP00009831/laut-huex-case-green-for-iphone-6
108587,http://uae.jadopado.com/product/JP00009828/laut-huex-case-orange-for-iphone-6
108587,http://uae.jadopado.com/product/JP00009826/laut-huex-case-pink-for-iphone-6
108587,http://uae.jadopado.com/product/JP00009824/laut-huex-case-frost-for-iphone-6
108587,http://uae.jadopado.com/product/JP00009823/laut-huex-case-white-for-iphone-6
108588,http://uae.jadopado.com/product/JP00009831/laut-huex-case-green-for-iphone-6
108588,http://uae.jadopado.com/product/JP00009828/laut-huex-case-orange-for-iphone-6
108588,http://uae.jadopado.com/product/JP00009826/laut-huex-case-pink-for-iphone-6
108588,http://uae.jadopado.com/product/JP00009824/laut-huex-case-frost-for-iphone-6
108588,http://uae.jadopado.com/product/JP00009823/laut-huex-case-white-for-iphone-6
108589,http://uae.jadopado.com/product/JP00009831/laut-huex-case-green-for-iphone-6
108589,http://uae.jadopado.com/product/JP00009828/laut-huex-case-orange-for-iphone-6
108589,http://uae.jadopado.com/product/JP00009826/laut-huex-case-pink-for-iphone-6
108589,http://uae.jadopado.com/product/JP00009824/laut-huex-case-frost-for-iphone-6
108589,http://uae.jadopado.com/product/JP00009823/laut-huex-case-white-for-iphone-6
108590,http://uae.jadopado.com/product/JP00009831/laut-huex-case-green-for-iphone-6
108590,http://uae.jadopado.com/product/JP00009828/laut-huex-case-orange-for-iphone-6
108590,http://uae.jadopado.com/product/JP00009826/laut-huex-case-pink-for-iphone-6
108590,http://uae.jadopado.com/product/JP00009824/laut-huex-case-frost-for-iphone-6
108590,http://uae.jadopado.com/product/JP00009823/laut-huex-case-white-for-iphone-6
108591,http://uae.jadopado.com/product/JP00009831/laut-huex-case-green-for-iphone-6
108591,http://uae.jadopado.com/product/JP00009828/laut-huex-case-orange-for-iphone-6
108591,http://uae.jadopado.com/product/JP00009826/laut-huex-case-pink-for-iphone-6
108591,http://uae.jadopado.com/product/JP00009824/laut-huex-case-frost-for-iphone-6
108591,http://uae.jadopado.com/product/JP00009823/laut-huex-case-white-for-iphone-6
108592,http://uae.jadopado.com/product/JP00009833/laut-slimskin-case-clear-for-iphone-6
108592,http://uae.jadopado.com/product/JP00009832/laut-slimskin-case-black-for-iphone-6
108593,http://uae.jadopado.com/product/JP00009833/laut-slimskin-case-clear-for-iphone-6
108593,http://uae.jadopado.com/product/JP00009832/laut-slimskin-case-black-for-iphone-6
108594,http://uae.jadopado.com/product/JP00009833/laut-slimskin-case-clear-for-iphone-6
108594,http://uae.jadopado.com/product/JP00009832/laut-slimskin-case-black-for-iphone-6
108595,http://uae.jadopado.com/product/JP00009833/laut-slimskin-case-clear-for-iphone-6
108595,http://uae.jadopado.com/product/JP00009832/laut-slimskin-case-black-for-iphone-6
108596,http://uae.jadopado.com/product/JP00009833/laut-slimskin-case-clear-for-iphone-6
108596,http://uae.jadopado.com/product/JP00009832/laut-slimskin-case-black-for-iphone-6
108597,http://uae.jadopado.com/product/JP00009833/laut-slimskin-case-clear-for-iphone-6
108597,http://uae.jadopado.com/product/JP00009832/laut-slimskin-case-black-for-iphone-6
108598,http://uae.jadopado.com/product/JP00009833/laut-slimskin-case-clear-for-iphone-6
108598,http://uae.jadopado.com/product/JP00009832/laut-slimskin-case-black-for-iphone-6
108599,http://uae.jadopado.com/product/JP00009835/laut-slim-case-ultra-clear-for-iphone-6
108599,http://uae.jadopado.com/product/JP00009834/laut-slim-case-ultra-black-for-iphone-6
108600,http://uae.jadopado.com/product/JP00009835/laut-slim-case-ultra-clear-for-iphone-6
108600,http://uae.jadopado.com/product/JP00009834/laut-slim-case-ultra-black-for-iphone-6
108601,http://uae.jadopado.com/product/JP00009843/laut-loopie-bumper-green-for-iphone-6
108601,http://uae.jadopado.com/product/JP00009842/laut-loopie-bumper-orange-for-iphone-6
108601,http://uae.jadopado.com/product/JP00009841/laut-loopie-bumper-red-for-iphone-6
108601,http://uae.jadopado.com/product/JP00009840/laut-loopie-bumper-pink-for-iphone-6
108601,http://uae.jadopado.com/product/JP00009839/laut-loopie-bumper-blue-for-iphone-6
108601,http://uae.jadopado.com/product/JP00009838/laut-loopie-bumper-clear-for-iphone-6
108601,http://uae.jadopado.com/product/JP00009837/laut-loopie-bumper-white-for-iphone-6
108601,http://uae.jadopado.com/product/JP00009836/laut-loopie-bumper-black-for-iphone-6
108607,http://uae.jadopado.com/product/JP00009843/laut-loopie-bumper-green-for-iphone-6
108607,http://uae.jadopado.com/product/JP00009842/laut-loopie-bumper-orange-for-iphone-6
108607,http://uae.jadopado.com/product/JP00009841/laut-loopie-bumper-red-for-iphone-6
108607,http://uae.jadopado.com/product/JP00009840/laut-loopie-bumper-pink-for-iphone-6
108607,http://uae.jadopado.com/product/JP00009839/laut-loopie-bumper-blue-for-iphone-6
108607,http://uae.jadopado.com/product/JP00009838/laut-loopie-bumper-clear-for-iphone-6
108607,http://uae.jadopado.com/product/JP00009837/laut-loopie-bumper-white-for-iphone-6
108607,http://uae.jadopado.com/product/JP00009836/laut-loopie-bumper-black-for-iphone-6
108628,http://uae.jadopado.com/product/JP00009845/laut-prime-matte-screen-guard-for-iphone-6
108628,http://uae.jadopado.com/product/JP00009844/laut-prime-clear-screen-guard-for-iphone-6
108629,http://uae.jadopado.com/product/JP00009845/laut-prime-matte-screen-guard-for-iphone-6
108629,http://uae.jadopado.com/product/JP00009844/laut-prime-clear-screen-guard-for-iphone-6
108630,http://uae.jadopado.com/product/JP00009845/laut-prime-matte-screen-guard-for-iphone-6
108630,http://uae.jadopado.com/product/JP00009844/laut-prime-clear-screen-guard-for-iphone-6
108632,http://uae.jadopado.com/product/JP00009831/laut-huex-case-green-for-iphone-6
108632,http://uae.jadopado.com/product/JP00009828/laut-huex-case-orange-for-iphone-6
108632,http://uae.jadopado.com/product/JP00009826/laut-huex-case-pink-for-iphone-6
108632,http://uae.jadopado.com/product/JP00009824/laut-huex-case-frost-for-iphone-6
108632,http://uae.jadopado.com/product/JP00009823/laut-huex-case-white-for-iphone-6
108633,http://uae.jadopado.com/product/JP00009831/laut-huex-case-green-for-iphone-6
108633,http://uae.jadopado.com/product/JP00009828/laut-huex-case-orange-for-iphone-6
108633,http://uae.jadopado.com/product/JP00009826/laut-huex-case-pink-for-iphone-6
108633,http://uae.jadopado.com/product/JP00009824/laut-huex-case-frost-for-iphone-6
108633,http://uae.jadopado.com/product/JP00009823/laut-huex-case-white-for-iphone-6
108634,http://uae.jadopado.com/product/JP00009831/laut-huex-case-green-for-iphone-6
108634,http://uae.jadopado.com/product/JP00009828/laut-huex-case-orange-for-iphone-6
108634,http://uae.jadopado.com/product/JP00009826/laut-huex-case-pink-for-iphone-6
108634,http://uae.jadopado.com/product/JP00009824/laut-huex-case-frost-for-iphone-6
108634,http://uae.jadopado.com/product/JP00009823/laut-huex-case-white-for-iphone-6
108635,http://uae.jadopado.com/product/JP00009831/laut-huex-case-green-for-iphone-6
108635,http://uae.jadopado.com/product/JP00009828/laut-huex-case-orange-for-iphone-6
108635,http://uae.jadopado.com/product/JP00009826/laut-huex-case-pink-for-iphone-6
108635,http://uae.jadopado.com/product/JP00009824/laut-huex-case-frost-for-iphone-6
108635,http://uae.jadopado.com/product/JP00009823/laut-huex-case-white-for-iphone-6
108638,http://uae.jadopado.com/product/JP00009831/laut-huex-case-green-for-iphone-6
108638,http://uae.jadopado.com/product/JP00009828/laut-huex-case-orange-for-iphone-6
108638,http://uae.jadopado.com/product/JP00009826/laut-huex-case-pink-for-iphone-6
108638,http://uae.jadopado.com/product/JP00009824/laut-huex-case-frost-for-iphone-6
108638,http://uae.jadopado.com/product/JP00009823/laut-huex-case-white-for-iphone-6
108642,http://uae.jadopado.com/product/JP00009833/laut-slimskin-case-clear-for-iphone-6
108642,http://uae.jadopado.com/product/JP00009832/laut-slimskin-case-black-for-iphone-6
108648,http://uae.jadopado.com/product/JP00009835/laut-slim-case-ultra-clear-for-iphone-6
108648,http://uae.jadopado.com/product/JP00009834/laut-slim-case-ultra-black-for-iphone-6
108652,http://uae.jadopado.com/product/JP00009843/laut-loopie-bumper-green-for-iphone-6
108652,http://uae.jadopado.com/product/JP00009842/laut-loopie-bumper-orange-for-iphone-6
108652,http://uae.jadopado.com/product/JP00009841/laut-loopie-bumper-red-for-iphone-6
108652,http://uae.jadopado.com/product/JP00009840/laut-loopie-bumper-pink-for-iphone-6
108652,http://uae.jadopado.com/product/JP00009839/laut-loopie-bumper-blue-for-iphone-6
108652,http://uae.jadopado.com/product/JP00009838/laut-loopie-bumper-clear-for-iphone-6
108652,http://uae.jadopado.com/product/JP00009837/laut-loopie-bumper-white-for-iphone-6
108652,http://uae.jadopado.com/product/JP00009836/laut-loopie-bumper-black-for-iphone-6
108654,http://uae.jadopado.com/product/JP00009843/laut-loopie-bumper-green-for-iphone-6
108654,http://uae.jadopado.com/product/JP00009842/laut-loopie-bumper-orange-for-iphone-6
108654,http://uae.jadopado.com/product/JP00009841/laut-loopie-bumper-red-for-iphone-6
108654,http://uae.jadopado.com/product/JP00009840/laut-loopie-bumper-pink-for-iphone-6
108654,http://uae.jadopado.com/product/JP00009839/laut-loopie-bumper-blue-for-iphone-6
108654,http://uae.jadopado.com/product/JP00009838/laut-loopie-bumper-clear-for-iphone-6
108654,http://uae.jadopado.com/product/JP00009837/laut-loopie-bumper-white-for-iphone-6
108654,http://uae.jadopado.com/product/JP00009836/laut-loopie-bumper-black-for-iphone-6
108657,http://uae.jadopado.com/product/JP00009843/laut-loopie-bumper-green-for-iphone-6
108657,http://uae.jadopado.com/product/JP00009842/laut-loopie-bumper-orange-for-iphone-6
108657,http://uae.jadopado.com/product/JP00009841/laut-loopie-bumper-red-for-iphone-6
108657,http://uae.jadopado.com/product/JP00009840/laut-loopie-bumper-pink-for-iphone-6
108657,http://uae.jadopado.com/product/JP00009839/laut-loopie-bumper-blue-for-iphone-6
108657,http://uae.jadopado.com/product/JP00009838/laut-loopie-bumper-clear-for-iphone-6
108657,http://uae.jadopado.com/product/JP00009837/laut-loopie-bumper-white-for-iphone-6
108657,http://uae.jadopado.com/product/JP00009836/laut-loopie-bumper-black-for-iphone-6
108677,http://uae.jadopado.com/product/JP00009845/laut-prime-matte-screen-guard-for-iphone-6
108850,http://uae.jadopado.com/product/JP00008557/tp-link-3g-mobile-wifi-with-5200mah-power-bank
108885,http://uae.jadopado.com/product/JP00008555/tp-link-m5350-3g-mobile-wi-fi
109104,http://uae.jadopado.com/product/JP00005276/nokia-bluetooth-mono-headset-bh-310-nokia-dc-4-car-charger
109104,http://uae.jadopado.com/product/JP00005275/nokia-bluetooth-mono-headset-bh-219
109104,http://uae.jadopado.com/product/JP00005270/nokia-headset-bluetooth-mono-ote-ac-charger
109104,http://uae.jadopado.com/product/JP00004973/4gamers-mono-bluetooth-headset-red-for-playstation-3
109104,http://uae.jadopado.com/product/JP00004972/4gamers-mono-bluetooth-headset-blue-for-playstation-3
109104,http://uae.jadopado.com/product/JP00004971/4gamers-mono-bluetooth-headset-black-for-playstation-3
109110,http://uae.jadopado.com/product/JM00028670/sony-sbh60-wired-or-wireless-stereo-bluetooth-headset-for-smartphones-tablets--computers-black
109123,http://uae.jadopado.com/product/JP00004367/crown-micro-usb-car-charger-for-ipod-iphone-white
109129,http://uae.jadopado.com/product/JP00006495/merlin-iphone5-lightning-charger-cable
109129,http://uae.jadopado.com/product/JP00009966/ewave-usb-charge-and-sync-cable-for-iphone5-white
109134,http://uae.jadopado.com/product/JP00002366/apple-lightning-digital-av-adapter
109141,http://uae.jadopado.com/product/JM00020577/energizer-car-charger-3a-for-samsung-devices
109285,http://uae.jadopado.com/product/JP00007556/beats-pill-2-0-portable-stereo-speaker-with-bluetooth-black
109285,http://uae.jadopado.com/product/JP00009720/beats-pill-2-0-portable-stereo-speaker-with-bluetooth-black-with-rose-gold-trim
109292,http://uae.jadopado.com/product/JM00027375/rubik-in-ear-earpods-stereo-headset-handsfree-with-mic-for-apple-iphone-ipad-ipod-yellow
109292,http://uae.jadopado.com/product/JM00027374/rubik-in-ear-earpods-stereo-headset-handsfree-with-mic-for-apple-iphone-ipad-ipod-orange
109292,http://uae.jadopado.com/product/JM00027373/rubik-in-ear-earpods-stereo-headset-handsfree-with-mic-for-apple-iphone-ipad-ipod-pink
109292,http://uae.jadopado.com/product/JM00027372/rubik-in-ear-earpods-stereo-headset-handsfree-with-mic-for-apple-iphone-ipad-ipod-purple
109292,http://uae.jadopado.com/product/JM00027371/rubik-in-ear-earpods-stereo-headset-handsfree-with-mic-for-apple-iphone-ipad-ipod-black
109292,http://uae.jadopado.com/product/JM00027370/rubik-in-ear-earpods-stereo-headset-handsfree-with-mic-for-apple-iphone-ipad-ipod-blue
109292,http://uae.jadopado.com/product/JM00027369/rubik-in-ear-earpods-stereo-headset-handsfree-with-mic-for-apple-iphone-ipad-ipod-green
109292,http://uae.jadopado.com/product/JM00027368/rubik-in-ear-earpods-stereo-headset-handsfree-with-mic-for-apple-iphone-ipad-ipod-red
109293,http://uae.jadopado.com/product/JP00001858/philips-stereo-headphones
109293,http://uae.jadopado.com/product/JM00027375/rubik-in-ear-earpods-stereo-headset-handsfree-with-mic-for-apple-iphone-ipad-ipod-yellow
109293,http://uae.jadopado.com/product/JM00027374/rubik-in-ear-earpods-stereo-headset-handsfree-with-mic-for-apple-iphone-ipad-ipod-orange
109293,http://uae.jadopado.com/product/JM00027373/rubik-in-ear-earpods-stereo-headset-handsfree-with-mic-for-apple-iphone-ipad-ipod-pink
109293,http://uae.jadopado.com/product/JM00027372/rubik-in-ear-earpods-stereo-headset-handsfree-with-mic-for-apple-iphone-ipad-ipod-purple
109294,http://uae.jadopado.com/product/JM00028670/sony-sbh60-wired-or-wireless-stereo-bluetooth-headset-for-smartphones-tablets--computers-black
109294,http://uae.jadopado.com/product/JM00028671/jabra-sport-wireless-bluetooth-stereo-headphones-with-fm-weather--shock-proof-black
109294,http://uae.jadopado.com/product/JM00027339/rubik-exclusive-in-ear-stereo-bluetooth-wireless-nfc-headset-sbh20-black
109294,http://uae.jadopado.com/product/JP00012958/zoook-bluetooth-stereo-headset-zb-bts520
109294,http://uae.jadopado.com/product/JP00007135/merlin-wireless-bluetooth-hi-fi-stereo-headset
109294,http://uae.jadopado.com/product/JP00006359/jabra-halo2-wireless-bluetooth-stereo-headset-black
109294,http://uae.jadopado.com/product/JP00006358/jabra-halo2-wireless-bluetooth-stereo-headset-white
109294,http://uae.jadopado.com/product/JP00008748/jabra-play-wireless-bluetooth-stereo-headset
109294,http://uae.jadopado.com/product/JP00009940/sony-stereo-bluetooth-headset-black
109295,http://uae.jadopado.com/product/JP00006360/jabra-sport-corded-bluetooth-stereo-sports-headset
109295,http://uae.jadopado.com/product/JP00002780/h2o-audio-surge-contact-2g-waterproof-sport-headset
109295,http://uae.jadopado.com/product/JM00028695/jabra-sport-pulse-wireless-headset
109295,http://uae.jadopado.com/product/JM00028671/jabra-sport-wireless-bluetooth-stereo-headphones-with-fm-weather--shock-proof-black
109330,http://uae.jadopado.com/product/JP00005837/moshi-iglaze-for-iphone-5-5s-graphite-black
109331,http://uae.jadopado.com/product/JP00005842/moshi-iglaze-for-iphone-5-5s-vintage-bronze
109332,http://uae.jadopado.com/product/JP00005847/moshi-iglaze-for-iphone-5-5s-xt-crystal-clear
109332,http://uae.jadopado.com/product/JP00005844/moshi-iglaze-kameleon-for-iphone-5-5s-black
109332,http://uae.jadopado.com/product/JP00005843/moshi-iglaze-kameleon-for-iphone-5-5s-white
109332,http://uae.jadopado.com/product/JP00005851/moshi-iglaze-armour-for-iphone-5-5s-bronze
109332,http://uae.jadopado.com/product/JP00005850/moshi-iglaze-armour-for-iphone-5-5s-silver
109332,http://uae.jadopado.com/product/JP00005849/moshi-iglaze-armour-for-iphone-5-5s-black
109332,http://uae.jadopado.com/product/JP00005842/moshi-iglaze-for-iphone-5-5s-vintage-bronze
109332,http://uae.jadopado.com/product/JP00005841/moshi-iglaze-for-iphone-5-5s-champagne-pink
109332,http://uae.jadopado.com/product/JP00005840/moshi-iglaze-for-iphone-5-5s-coral-blue
109332,http://uae.jadopado.com/product/JP00005839/moshi-iglaze-for-iphone-5-5s-burgundy-red
109332,http://uae.jadopado.com/product/JP00005837/moshi-iglaze-for-iphone-5-5s-graphite-black
109333,http://uae.jadopado.com/product/JP00005849/moshi-iglaze-armour-for-iphone-5-5s-black
109334,http://uae.jadopado.com/product/JP00005851/moshi-iglaze-armour-for-iphone-5-5s-bronze
109335,http://uae.jadopado.com/product/JP00005845/moshi-concerti-for-iphone-5-5s-metallic-black
109347,http://uae.jadopado.com/product/JM00020584/ferrari-458-real-leather-book-case-camel-gold-for-iphone-6
109348,http://uae.jadopado.com/product/JM00020585/ferrari-458-real-leather-book-case-white-for-iphone-6
109348,http://uae.jadopado.com/product/JM00020584/ferrari-458-real-leather-book-case-camel-gold-for-iphone-6
109350,http://uae.jadopado.com/product/JM00020585/ferrari-458-real-leather-book-case-white-for-iphone-6
109354,http://uae.jadopado.com/product/JM00020585/ferrari-458-real-leather-book-case-white-for-iphone-6
109354,http://uae.jadopado.com/product/JM00020584/ferrari-458-real-leather-book-case-camel-gold-for-iphone-6
109356,http://uae.jadopado.com/product/JM00020585/ferrari-458-real-leather-book-case-white-for-iphone-6
109360,http://uae.jadopado.com/product/JM00020585/ferrari-458-real-leather-book-case-white-for-iphone-6
109360,http://uae.jadopado.com/product/JM00020584/ferrari-458-real-leather-book-case-camel-gold-for-iphone-6
109372,http://uae.jadopado.com/product/JM00020582/ferrari-fiorano-pu-leather-booktype-case-for-iphone-6-black
109373,http://uae.jadopado.com/product/JM00020583/ferrari-fiorano-pu-leather-booktype-case-for-iphone-6-red
109374,http://uae.jadopado.com/product/JM00020581/ferrari-fiorano-pu-leather-hard-case-for-iphone-6-red
109643,http://uae.jadopado.com/product/JP00012734/thrumm-powerbeans-power-bank-lumia-4000mah
109643,http://uae.jadopado.com/product/JP00013044/yell-power-bank-2usb-lightning-4000mah-bpr40l-pink
109643,http://uae.jadopado.com/product/JP00013043/yell-power-bank-2usb-lightning-4000mah-bpr40l-blue
109643,http://uae.jadopado.com/product/JP00013042/yell-power-bank-2usb-lightning-4000mah-bpr40l-green
109643,http://uae.jadopado.com/product/JP00013041/yell-power-bank-2usb-lightning-4000mah-bpr40l-red
109643,http://uae.jadopado.com/product/JP00013040/yell-power-bank-2usb-lightning-4000mah-bpr40l-black
109643,http://uae.jadopado.com/product/JM00027330/rubik-proda-4000mah-slim-portable-usb-powerbank-rechargeable-battery-blue
109644,http://uae.jadopado.com/product/JP00008557/tp-link-3g-mobile-wifi-with-5200mah-power-bank
109646,http://uae.jadopado.com/product/JP00012865/probox-portable-power-pack-10400mah-he3-10ku2-k-white
109646,http://uae.jadopado.com/product/JP00012864/probox-portable-power-pack-10400mah-he3-10ku2-k-red
109646,http://uae.jadopado.com/product/JP00012863/probox-portable-power-pack-10400mah-he3-10ku2-k-black
109910,http://uae.jadopado.com/product/JM00026323/samsung-galaxy-note-edge-wallet-flip-cover-frost-white
109911,http://uae.jadopado.com/product/JM00026323/samsung-galaxy-note-edge-wallet-flip-cover-frost-white
109929,http://uae.jadopado.com/product/JP00009628/samsung-gear-circle-earphones-white
109930,http://uae.jadopado.com/product/JP00009629/samsung-gear-circle-earphones-blue-black
109930,http://uae.jadopado.com/product/JP00009627/samsung-gear-circle-earphones-black
109937,http://uae.jadopado.com/product/JM00022482/verus-thor-heavy-drop-protection-case--cover-for-samsung-galaxy-note-4-electric-blue
109939,http://uae.jadopado.com/product/JM00022496/verus-crystal-mixx-clear-drop-protection-case--cover-for-samsung-galaxy-note-4-grey
109945,http://uae.jadopado.com/product/JM00023396/ozone-pack-of-3-crystal-clear-hd-screen-protector-scratch-guards-for-samsung-galaxy-note-4
109960,http://uae.jadopado.com/product/JP00006195/belpair-power-case-3200mah-for-samsung-galaxy-s3-black
109962,http://uae.jadopado.com/product/JM00027622/incipio-powermat-battery-door-for-samsung-galaxy-s4-carrying-case-black
109962,http://uae.jadopado.com/product/JM00027622/incipio-powermat-battery-door-for-samsung-galaxy-s4-carrying-case-black
109962,http://uae.jadopado.com/product/JM00027622/incipio-powermat-battery-door-for-samsung-galaxy-s4-carrying-case-black
109964,http://uae.jadopado.com/product/JP00011119/goldfinch-stylus-pen-black-gf-1007ms
109964,http://uae.jadopado.com/product/JM00023088/true-utility-stylus-pen-white-gift-box
109964,http://uae.jadopado.com/product/JM00023087/true-utility-stylus-pen-black-gift-box
109964,http://uae.jadopado.com/product/JP00005465/satzuma-diamante-touch-screen-stylus-pen-pink
109964,http://uae.jadopado.com/product/JM00022109/beecool-2-in-1-stylus-pen-with-swarovski-elements-gold
109964,http://uae.jadopado.com/product/JP00012737/thrumm-oak-kit-hp-with-bluetooth-headset-headphones-2600mah-usb-charger-and-stylus-pen
109964,http://uae.jadopado.com/product/JP00012736/thrumm-oak-kit-sp-with-bluetooth-headset-bluetooth-speaker-2600mah-usb-charger-and-stylus-pen
109969,http://uae.jadopado.com/product/JM00028867/nokia-wh-920-hd-stereo-headset-white
109972,http://uae.jadopado.com/product/JM00026592/blaupunkt-studioseries-stereo-in-earphones-balance-armature-driver-bpa-795-black
109972,http://uae.jadopado.com/product/JM00026593/blaupunkt-studio-series-stereo-in-earphones-bpa-695-black
109975,http://uae.jadopado.com/product/JP00007720/griffin-powerjolt-car-charger-with-detachable-lightning-usb-cable-2-1a
109976,http://uae.jadopado.com/product/JP00007720/griffin-powerjolt-car-charger-with-detachable-lightning-usb-cable-2-1a
109980,http://uae.jadopado.com/product/JM00023417/ozone-crystal-clear-hd-screen-protector-scratch-guard-for-samsung-galaxy-alpha
110003,http://uae.jadopado.com/product/JP00005270/nokia-headset-bluetooth-mono-ote-ac-charger
110003,http://uae.jadopado.com/product/JP00004973/4gamers-mono-bluetooth-headset-red-for-playstation-3
110003,http://uae.jadopado.com/product/JP00004972/4gamers-mono-bluetooth-headset-blue-for-playstation-3
110003,http://uae.jadopado.com/product/JP00004971/4gamers-mono-bluetooth-headset-black-for-playstation-3
110003,http://uae.jadopado.com/product/JP00005276/nokia-bluetooth-mono-headset-bh-310-nokia-dc-4-car-charger
110003,http://uae.jadopado.com/product/JP00005275/nokia-bluetooth-mono-headset-bh-219
110008,http://uae.jadopado.com/product/JP00004971/4gamers-mono-bluetooth-headset-black-for-playstation-3
110010,http://uae.jadopado.com/product/JP00004972/4gamers-mono-bluetooth-headset-blue-for-playstation-3
110012,http://uae.jadopado.com/product/JP00004973/4gamers-mono-bluetooth-headset-red-for-playstation-3
110017,http://uae.jadopado.com/product/JP00004972/4gamers-mono-bluetooth-headset-blue-for-playstation-3
110034,http://uae.jadopado.com/product/JM00023592/ozone-crystal-clear-hd-screen-protector-scratch-guard-for-samsung-galaxy-note-3-neo
110035,http://uae.jadopado.com/product/JM00023785/samsung-flip-cover-for-samsung-galaxy-s3-black
110035,http://uae.jadopado.com/product/JM00023785/samsung-flip-cover-for-samsung-galaxy-s3-black
110035,http://uae.jadopado.com/product/JM00023785/samsung-flip-cover-for-samsung-galaxy-s3-black
110035,http://uae.jadopado.com/product/JM00023785/samsung-flip-cover-for-samsung-galaxy-s3-black
110036,http://uae.jadopado.com/product/JM00023480/samsung-flip-cover-for-samsung-galaxy-s3-white
110048,http://uae.jadopado.com/product/JP00008806/foilandfilm-glass-series-screen-protector-for-samsung-galaxy-s5
110048,http://uae.jadopado.com/product/JP00008793/foilandfilm-ultra-clear-screen-protector-for-samsung-galaxy-s5
110048,http://uae.jadopado.com/product/JP00008794/foilandfilm-anti-glare-fingerprint-screen-protector-for-samsung-galaxy-s5
110048,http://uae.jadopado.com/product/JM00026314/rearth-pack-of-3-invisible-defender-hd-screen-protector-for-samsung-galaxy-s5
110048,http://uae.jadopado.com/product/JM00023415/ozone-crystal-clear-hd-screen-protector-scratch-guard-for-samsung-galaxy-s5
110064,http://uae.jadopado.com/product/JP00007398/samsung-gear-2-neo-smartwatch-wild-orange
110064,http://uae.jadopado.com/product/JP00007398/samsung-gear-2-neo-smartwatch-wild-orange
110064,http://uae.jadopado.com/product/JP00007398/samsung-gear-2-neo-smartwatch-wild-orange
110064,http://uae.jadopado.com/product/JP00007398/samsung-gear-2-neo-smartwatch-wild-orange
110064,http://uae.jadopado.com/product/JP00007398/samsung-gear-2-neo-smartwatch-wild-orange
110077,http://uae.jadopado.com/product/JP00006652/withings-pulse-activity-tracker-with-heart-rate-monitor
110080,http://uae.jadopado.com/product/JM00027371/rubik-in-ear-earpods-stereo-headset-handsfree-with-mic-for-apple-iphone-ipad-ipod-black
110081,http://uae.jadopado.com/product/JM00027366/rubik-in-ear-earpods-stereo-headset-handsfree-with-mic-for-apple-iphone-ipad-ipod-white
110103,http://uae.jadopado.com/product/JP00008800/foilandfilm-ultra-clear-screen-protector-for-samsung-galaxy-note-3
110103,http://uae.jadopado.com/product/JP00008801/foilandfilm-anti-glare-fingerprint-screen-protector-for-samsung-galaxy-note-3
110103,http://uae.jadopado.com/product/JP00006661/film-foil-anti-glare-anti-fingerprint-series-screen-protector-for-samsung-galaxy-note-3
110103,http://uae.jadopado.com/product/JM00023418/ozone-crystal-clear-hd-screen-protector-scratch-guard-for-samsung-galaxy-note-3
110124,http://uae.jadopado.com/product/JP00008984/elago-g7-genuine-leather-flip-case-for-samsung-galaxy-s4
110129,http://uae.jadopado.com/product/JP00007727/griffin-survivor-case-black-for-samsung-galaxy-s4
110130,http://uae.jadopado.com/product/JP00007727/griffin-survivor-case-black-for-samsung-galaxy-s4
110131,http://uae.jadopado.com/product/JP00007727/griffin-survivor-case-black-for-samsung-galaxy-s4
110146,http://uae.jadopado.com/product/JM00022499/verus-crystal-mixx-clear-drop-protection-case--cover-for-samsung-galaxy-note-4-mint
110147,http://uae.jadopado.com/product/JM00022499/verus-crystal-mixx-clear-drop-protection-case--cover-for-samsung-galaxy-note-4-mint
110148,http://uae.jadopado.com/product/JM00022499/verus-crystal-mixx-clear-drop-protection-case--cover-for-samsung-galaxy-note-4-mint
110149,http://uae.jadopado.com/product/JM00022499/verus-crystal-mixx-clear-drop-protection-case--cover-for-samsung-galaxy-note-4-mint
110150,http://uae.jadopado.com/product/JM00022499/verus-crystal-mixx-clear-drop-protection-case--cover-for-samsung-galaxy-note-4-mint
110153,http://uae.jadopado.com/product/JP00005270/nokia-headset-bluetooth-mono-ote-ac-charger
110153,http://uae.jadopado.com/product/JP00004973/4gamers-mono-bluetooth-headset-red-for-playstation-3
110153,http://uae.jadopado.com/product/JP00004972/4gamers-mono-bluetooth-headset-blue-for-playstation-3
110153,http://uae.jadopado.com/product/JP00004971/4gamers-mono-bluetooth-headset-black-for-playstation-3
110153,http://uae.jadopado.com/product/JP00005276/nokia-bluetooth-mono-headset-bh-310-nokia-dc-4-car-charger
110153,http://uae.jadopado.com/product/JP00005275/nokia-bluetooth-mono-headset-bh-219
110154,http://uae.jadopado.com/product/JP00005270/nokia-headset-bluetooth-mono-ote-ac-charger
110154,http://uae.jadopado.com/product/JP00004973/4gamers-mono-bluetooth-headset-red-for-playstation-3
110154,http://uae.jadopado.com/product/JP00004972/4gamers-mono-bluetooth-headset-blue-for-playstation-3
110154,http://uae.jadopado.com/product/JP00004971/4gamers-mono-bluetooth-headset-black-for-playstation-3
110154,http://uae.jadopado.com/product/JP00005276/nokia-bluetooth-mono-headset-bh-310-nokia-dc-4-car-charger
110154,http://uae.jadopado.com/product/JP00005275/nokia-bluetooth-mono-headset-bh-219
110199,http://uae.jadopado.com/product/JP00011461/google-nexus-player-gamepad
110255,http://uae.jadopado.com/product/JP00006125/otterbox-clearly-protected-screen-protector-for-samsung-galaxy-s4-clean
110255,http://uae.jadopado.com/product/JP00006124/otterbox-clearly-protected-screen-protector-for-samsung-galaxy-s4-privacy
110255,http://uae.jadopado.com/product/JP00006123/otterbox-clearly-protected-screen-protector-for-samsung-galaxy-s4-vibrant
110255,http://uae.jadopado.com/product/JP00004386/foilandfilm-clear-series-screen-protector-for-samsung-galaxy-s-iv
110255,http://uae.jadopado.com/product/JP00009362/otterbox-clearly-protected-360-screen-protector-for-samsung-galaxy-s4
110255,http://uae.jadopado.com/product/JP00004411/hd-super-transparency-anti-glare-screen-protector-for-samsung-galaxy-s4
110255,http://uae.jadopado.com/product/JP00004387/foilandfilm-anti-glare-anti-fingerprint-series-screen-protector-for-samsung-galaxy-s-iv
110256,http://uae.jadopado.com/product/JP00005311/foilandfilm-ultra-clear-series-screen-protector-for-samsung-galaxy-s4-mini
110256,http://uae.jadopado.com/product/JP00005312/foilandfilm-anti-fingerprint-anti-glare-series-screen-protector-for-samsung-galaxy-s4-mini
110256,http://uae.jadopado.com/product/JM00023414/ozone-crystal-clear-hd-screen-protector-scratch-guard-for-samsung-galaxy-s4-mini
